Model,Dataset,TargetID,ErrorType,Details,Timestamp
bapred,casf2013_boltz2,1igj,MissingInPreds,Sample absent from final predictions.csv (e.g. Inference Crash/OOM or Preprocessing Skip),latest
bapred,casf2013_boltz2,3huc,MissingInPreds,Sample absent from final predictions.csv (e.g. Inference Crash/OOM or Preprocessing Skip),latest
bapred,casf2013_exp,1hfs,MissingInPreds,Sample absent from final predictions.csv (e.g. Inference Crash/OOM or Preprocessing Skip),latest
bapred,casf2013_exp,2jdu,MissingInPreds,Sample absent from final predictions.csv (e.g. Inference Crash/OOM or Preprocessing Skip),latest
bapred,casf2013_exp,2jdy,MissingInPreds,Sample absent from final predictions.csv (e.g. Inference Crash/OOM or Preprocessing Skip),latest
bapred,casf2013_exp,2zjw,MissingInPreds,Sample absent from final predictions.csv (e.g. Inference Crash/OOM or Preprocessing Skip),latest
bapred,casf2016_boltz2,2vvn,MissingInPreds,Sample absent from final predictions.csv (e.g. Inference Crash/OOM or Preprocessing Skip),latest
bapred,casf2016_boltz2,2xb8,MissingInPreds,Sample absent from final predictions.csv (e.g. Inference Crash/OOM or Preprocessing Skip),latest
bapred,casf2016_boltz2,4f9w,MissingInPreds,Sample absent from final predictions.csv (e.g. Inference Crash/OOM or Preprocessing Skip),latest
bapred,casf2016_boltz2,4qac,MissingInPreds,Sample absent from final predictions.csv (e.g. Inference Crash/OOM or Preprocessing Skip),latest
bapred,casf2016_exp,4mme,MissingInPreds,Sample absent from final predictions.csv (e.g. Inference Crash/OOM or Preprocessing Skip),latest
bapred,csar_hiq51_boltz2,1vso,MissingInPreds,Sample absent from final predictions.csv (e.g. Inference Crash/OOM or Preprocessing Skip),latest
bapred,csar_hiq51_boltz2,2p3t,MissingInPreds,Sample absent from final predictions.csv (e.g. Inference Crash/OOM or Preprocessing Skip),latest
bapred,csar_hiq51_boltz2,2v7t,MissingInPreds,Sample absent from final predictions.csv (e.g. Inference Crash/OOM or Preprocessing Skip),latest
bapred,tplpocket_casp16_l3000_stage1,L3202,MissingInPreds,Sample absent from final predictions.csv (e.g. Inference Crash/OOM or Preprocessing Skip),latest
bapred,tplpocket_casp16_l3000_stage1,L3203,MissingInPreds,Sample absent from final predictions.csv (e.g. Inference Crash/OOM or Preprocessing Skip),latest
bapred,tplpocket_casp16_l3000_stage1,L3204,MissingInPreds,Sample absent from final predictions.csv (e.g. Inference Crash/OOM or Preprocessing Skip),latest
bapred,tplpocket_casp16_l3000_stage1,L3205,MissingInPreds,Sample absent from final predictions.csv (e.g. Inference Crash/OOM or Preprocessing Skip),latest
bapred,tplpocket_casp16_l3000_stage1,L3206,MissingInPreds,Sample absent from final predictions.csv (e.g. Inference Crash/OOM or Preprocessing Skip),latest
bapred,tplpocket_casp16_l3000_stage1,L3207,MissingInPreds,Sample absent from final predictions.csv (e.g. Inference Crash/OOM or Preprocessing Skip),latest
bapred,tplpocket_casp16_l3000_stage1,L3208,MissingInPreds,Sample absent from final predictions.csv (e.g. Inference Crash/OOM or Preprocessing Skip),latest
bapred,tplpocket_casp16_l3000_stage1,L3209,MissingInPreds,Sample absent from final predictions.csv (e.g. Inference Crash/OOM or Preprocessing Skip),latest
bapred,tplpocket_casp16_l3000_stage1,L3210,MissingInPreds,Sample absent from final predictions.csv (e.g. Inference Crash/OOM or Preprocessing Skip),latest
bapred,tplpocket_casp16_l3000_stage1,L3211,MissingInPreds,Sample absent from final predictions.csv (e.g. Inference Crash/OOM or Preprocessing Skip),latest
bapred,tplpocket_casp16_l3000_stage1,L3212,MissingInPreds,Sample absent from final predictions.csv (e.g. Inference Crash/OOM or Preprocessing Skip),latest
bapred,tplpocket_casp16_l3000_stage1,L3213,MissingInPreds,Sample absent from final predictions.csv (e.g. Inference Crash/OOM or Preprocessing Skip),latest
bapred,tplpocket_casp16_l3000_stage1,L3214,MissingInPreds,Sample absent from final predictions.csv (e.g. Inference Crash/OOM or Preprocessing Skip),latest
bapred,tplpocket_casp16_l3000_stage1,L3215,MissingInPreds,Sample absent from final predictions.csv (e.g. Inference Crash/OOM or Preprocessing Skip),latest
bapred,tplpocket_casp16_l3000_stage1,L3216,MissingInPreds,Sample absent from final predictions.csv (e.g. Inference Crash/OOM or Preprocessing Skip),latest
bapred,tplpocket_casp16_l3000_stage1,L3217,MissingInPreds,Sample absent from final predictions.csv (e.g. Inference Crash/OOM or Preprocessing Skip),latest
bapred,tplpocket_casp16_l3000_stage1,L3218,MissingInPreds,Sample absent from final predictions.csv (e.g. Inference Crash/OOM or Preprocessing Skip),latest
bapred,tplpocket_casp16_l3000_stage1,L3219,MissingInPreds,Sample absent from final predictions.csv (e.g. Inference Crash/OOM or Preprocessing Skip),latest
bapred,tplpocket_casp16_l3000_stage1,L3220,MissingInPreds,Sample absent from final predictions.csv (e.g. Inference Crash/OOM or Preprocessing Skip),latest
bapred,tplpocket_casp16_l3000_stage1,L3221,MissingInPreds,Sample absent from final predictions.csv (e.g. Inference Crash/OOM or Preprocessing Skip),latest
bapred,tplpocket_casp16_l3000_stage1,L3222,MissingInPreds,Sample absent from final predictions.csv (e.g. Inference Crash/OOM or Preprocessing Skip),latest
bapred,tplpocket_casp16_l3000_stage1,L3223,MissingInPreds,Sample absent from final predictions.csv (e.g. Inference Crash/OOM or Preprocessing Skip),latest
bapred,tplpocket_casp16_l3000_stage1,L3224,MissingInPreds,Sample absent from final predictions.csv (e.g. Inference Crash/OOM or Preprocessing Skip),latest
bapred,tplpocket_casp16_l3000_stage1,L3225,MissingInPreds,Sample absent from final predictions.csv (e.g. Inference Crash/OOM or Preprocessing Skip),latest
bapred,tplpocket_casp16_l3000_stage1,L3226,MissingInPreds,Sample absent from final predictions.csv (e.g. Inference Crash/OOM or Preprocessing Skip),latest
bapred,tplpocket_casp16_l3000_stage1,L3227,MissingInPreds,Sample absent from final predictions.csv (e.g. Inference Crash/OOM or Preprocessing Skip),latest
bapred,tplpocket_casp16_l3000_stage1,L3228,MissingInPreds,Sample absent from final predictions.csv (e.g. Inference Crash/OOM or Preprocessing Skip),latest
bapred,tplpocket_casp16_l3000_stage1,L3229,MissingInPreds,Sample absent from final predictions.csv (e.g. Inference Crash/OOM or Preprocessing Skip),latest
bapred,tplpocket_casp16_l3000_stage1,L3230,MissingInPreds,Sample absent from final predictions.csv (e.g. Inference Crash/OOM or Preprocessing Skip),latest
bapred,tplpocket_casp16_l3000_stage1,L3231,MissingInPreds,Sample absent from final predictions.csv (e.g. Inference Crash/OOM or Preprocessing Skip),latest
boltz2,boltz2_casf2013,3i3b,MissingInPreds,Sample absent from final predictions.csv (e.g. Inference Crash/OOM or Preprocessing Skip),latest
boltz2,boltz2_casf2013,3muz,MissingInPreds,Sample absent from final predictions.csv (e.g. Inference Crash/OOM or Preprocessing Skip),latest
boltz2,boltz2_casf2013,3vd4,MissingInPreds,Sample absent from final predictions.csv (e.g. Inference Crash/OOM or Preprocessing Skip),latest
boltz2,boltz2_csar_hiq51,2ilz,MissingInPreds,Sample absent from final predictions.csv (e.g. Inference Crash/OOM or Preprocessing Skip),latest
boltz2,boltz2_csar_hiq51,2v7t,MissingInPreds,Sample absent from final predictions.csv (e.g. Inference Crash/OOM or Preprocessing Skip),latest
boltz2,boltz2_csar_hiq51,2v7u,MissingInPreds,Sample absent from final predictions.csv (e.g. Inference Crash/OOM or Preprocessing Skip),latest
boltz2,boltz2_csar_hiq51,2v7v,MissingInPreds,Sample absent from final predictions.csv (e.g. Inference Crash/OOM or Preprocessing Skip),latest
boltz2,boltz2_csar_hiq51,2vhw,MissingInPreds,Sample absent from final predictions.csv (e.g. Inference Crash/OOM or Preprocessing Skip),latest
flowdock,casf2016_exp,4mme,MissingInPreds,Sample absent from final predictions.csv (e.g. Inference Crash/OOM or Preprocessing Skip),latest
flowdock,tplpocket_casp16_l3000_stage1,L3202,MissingInPreds,Sample absent from final predictions.csv (e.g. Inference Crash/OOM or Preprocessing Skip),latest
flowdock,tplpocket_casp16_l3000_stage1,L3203,MissingInPreds,Sample absent from final predictions.csv (e.g. Inference Crash/OOM or Preprocessing Skip),latest
flowdock,tplpocket_casp16_l3000_stage1,L3204,MissingInPreds,Sample absent from final predictions.csv (e.g. Inference Crash/OOM or Preprocessing Skip),latest
flowdock,tplpocket_casp16_l3000_stage1,L3205,MissingInPreds,Sample absent from final predictions.csv (e.g. Inference Crash/OOM or Preprocessing Skip),latest
flowdock,tplpocket_casp16_l3000_stage1,L3206,MissingInPreds,Sample absent from final predictions.csv (e.g. Inference Crash/OOM or Preprocessing Skip),latest
flowdock,tplpocket_casp16_l3000_stage1,L3207,MissingInPreds,Sample absent from final predictions.csv (e.g. Inference Crash/OOM or Preprocessing Skip),latest
flowdock,tplpocket_casp16_l3000_stage1,L3208,MissingInPreds,Sample absent from final predictions.csv (e.g. Inference Crash/OOM or Preprocessing Skip),latest
flowdock,tplpocket_casp16_l3000_stage1,L3209,MissingInPreds,Sample absent from final predictions.csv (e.g. Inference Crash/OOM or Preprocessing Skip),latest
flowdock,tplpocket_casp16_l3000_stage1,L3210,MissingInPreds,Sample absent from final predictions.csv (e.g. Inference Crash/OOM or Preprocessing Skip),latest
flowdock,tplpocket_casp16_l3000_stage1,L3211,MissingInPreds,Sample absent from final predictions.csv (e.g. Inference Crash/OOM or Preprocessing Skip),latest
flowdock,tplpocket_casp16_l3000_stage1,L3212,MissingInPreds,Sample absent from final predictions.csv (e.g. Inference Crash/OOM or Preprocessing Skip),latest
flowdock,tplpocket_casp16_l3000_stage1,L3213,MissingInPreds,Sample absent from final predictions.csv (e.g. Inference Crash/OOM or Preprocessing Skip),latest
flowdock,tplpocket_casp16_l3000_stage1,L3214,MissingInPreds,Sample absent from final predictions.csv (e.g. Inference Crash/OOM or Preprocessing Skip),latest
flowdock,tplpocket_casp16_l3000_stage1,L3215,MissingInPreds,Sample absent from final predictions.csv (e.g. Inference Crash/OOM or Preprocessing Skip),latest
flowdock,tplpocket_casp16_l3000_stage1,L3216,MissingInPreds,Sample absent from final predictions.csv (e.g. Inference Crash/OOM or Preprocessing Skip),latest
flowdock,tplpocket_casp16_l3000_stage1,L3217,MissingInPreds,Sample absent from final predictions.csv (e.g. Inference Crash/OOM or Preprocessing Skip),latest
flowdock,tplpocket_casp16_l3000_stage1,L3218,MissingInPreds,Sample absent from final predictions.csv (e.g. Inference Crash/OOM or Preprocessing Skip),latest
flowdock,tplpocket_casp16_l3000_stage1,L3219,MissingInPreds,Sample absent from final predictions.csv (e.g. Inference Crash/OOM or Preprocessing Skip),latest
flowdock,tplpocket_casp16_l3000_stage1,L3220,MissingInPreds,Sample absent from final predictions.csv (e.g. Inference Crash/OOM or Preprocessing Skip),latest
flowdock,tplpocket_casp16_l3000_stage1,L3221,MissingInPreds,Sample absent from final predictions.csv (e.g. Inference Crash/OOM or Preprocessing Skip),latest
flowdock,tplpocket_casp16_l3000_stage1,L3222,MissingInPreds,Sample absent from final predictions.csv (e.g. Inference Crash/OOM or Preprocessing Skip),latest
flowdock,tplpocket_casp16_l3000_stage1,L3223,MissingInPreds,Sample absent from final predictions.csv (e.g. Inference Crash/OOM or Preprocessing Skip),latest
flowdock,tplpocket_casp16_l3000_stage1,L3224,MissingInPreds,Sample absent from final predictions.csv (e.g. Inference Crash/OOM or Preprocessing Skip),latest
flowdock,tplpocket_casp16_l3000_stage1,L3225,MissingInPreds,Sample absent from final predictions.csv (e.g. Inference Crash/OOM or Preprocessing Skip),latest
flowdock,tplpocket_casp16_l3000_stage1,L3226,MissingInPreds,Sample absent from final predictions.csv (e.g. Inference Crash/OOM or Preprocessing Skip),latest
flowdock,tplpocket_casp16_l3000_stage1,L3227,MissingInPreds,Sample absent from final predictions.csv (e.g. Inference Crash/OOM or Preprocessing Skip),latest
flowdock,tplpocket_casp16_l3000_stage1,L3228,MissingInPreds,Sample absent from final predictions.csv (e.g. Inference Crash/OOM or Preprocessing Skip),latest
flowdock,tplpocket_casp16_l3000_stage1,L3229,MissingInPreds,Sample absent from final predictions.csv (e.g. Inference Crash/OOM or Preprocessing Skip),latest
flowdock,tplpocket_casp16_l3000_stage1,L3230,MissingInPreds,Sample absent from final predictions.csv (e.g. Inference Crash/OOM or Preprocessing Skip),latest
flowdock,tplpocket_casp16_l3000_stage1,L3231,MissingInPreds,Sample absent from final predictions.csv (e.g. Inference Crash/OOM or Preprocessing Skip),latest
flowr_root,flowr_root_tplpocket_casp16_l3000_stage1,L3202,MissingInPreds,Sample absent from final predictions.csv (e.g. Inference Crash/OOM or Preprocessing Skip),latest
flowr_root,flowr_root_tplpocket_casp16_l3000_stage1,L3203,MissingInPreds,Sample absent from final predictions.csv (e.g. Inference Crash/OOM or Preprocessing Skip),latest
flowr_root,flowr_root_tplpocket_casp16_l3000_stage1,L3204,MissingInPreds,Sample absent from final predictions.csv (e.g. Inference Crash/OOM or Preprocessing Skip),latest
flowr_root,flowr_root_tplpocket_casp16_l3000_stage1,L3205,MissingInPreds,Sample absent from final predictions.csv (e.g. Inference Crash/OOM or Preprocessing Skip),latest
flowr_root,flowr_root_tplpocket_casp16_l3000_stage1,L3206,MissingInPreds,Sample absent from final predictions.csv (e.g. Inference Crash/OOM or Preprocessing Skip),latest
flowr_root,flowr_root_tplpocket_casp16_l3000_stage1,L3207,MissingInPreds,Sample absent from final predictions.csv (e.g. Inference Crash/OOM or Preprocessing Skip),latest
flowr_root,flowr_root_tplpocket_casp16_l3000_stage1,L3208,MissingInPreds,Sample absent from final predictions.csv (e.g. Inference Crash/OOM or Preprocessing Skip),latest
flowr_root,flowr_root_tplpocket_casp16_l3000_stage1,L3209,MissingInPreds,Sample absent from final predictions.csv (e.g. Inference Crash/OOM or Preprocessing Skip),latest
flowr_root,flowr_root_tplpocket_casp16_l3000_stage1,L3210,MissingInPreds,Sample absent from final predictions.csv (e.g. Inference Crash/OOM or Preprocessing Skip),latest
flowr_root,flowr_root_tplpocket_casp16_l3000_stage1,L3211,MissingInPreds,Sample absent from final predictions.csv (e.g. Inference Crash/OOM or Preprocessing Skip),latest
flowr_root,flowr_root_tplpocket_casp16_l3000_stage1,L3212,MissingInPreds,Sample absent from final predictions.csv (e.g. Inference Crash/OOM or Preprocessing Skip),latest
flowr_root,flowr_root_tplpocket_casp16_l3000_stage1,L3213,MissingInPreds,Sample absent from final predictions.csv (e.g. Inference Crash/OOM or Preprocessing Skip),latest
flowr_root,flowr_root_tplpocket_casp16_l3000_stage1,L3214,MissingInPreds,Sample absent from final predictions.csv (e.g. Inference Crash/OOM or Preprocessing Skip),latest
flowr_root,flowr_root_tplpocket_casp16_l3000_stage1,L3215,MissingInPreds,Sample absent from final predictions.csv (e.g. Inference Crash/OOM or Preprocessing Skip),latest
flowr_root,flowr_root_tplpocket_casp16_l3000_stage1,L3216,MissingInPreds,Sample absent from final predictions.csv (e.g. Inference Crash/OOM or Preprocessing Skip),latest
flowr_root,flowr_root_tplpocket_casp16_l3000_stage1,L3217,MissingInPreds,Sample absent from final predictions.csv (e.g. Inference Crash/OOM or Preprocessing Skip),latest
flowr_root,flowr_root_tplpocket_casp16_l3000_stage1,L3218,MissingInPreds,Sample absent from final predictions.csv (e.g. Inference Crash/OOM or Preprocessing Skip),latest
flowr_root,flowr_root_tplpocket_casp16_l3000_stage1,L3219,MissingInPreds,Sample absent from final predictions.csv (e.g. Inference Crash/OOM or Preprocessing Skip),latest
flowr_root,flowr_root_tplpocket_casp16_l3000_stage1,L3220,MissingInPreds,Sample absent from final predictions.csv (e.g. Inference Crash/OOM or Preprocessing Skip),latest
flowr_root,flowr_root_tplpocket_casp16_l3000_stage1,L3221,MissingInPreds,Sample absent from final predictions.csv (e.g. Inference Crash/OOM or Preprocessing Skip),latest
flowr_root,flowr_root_tplpocket_casp16_l3000_stage1,L3222,MissingInPreds,Sample absent from final predictions.csv (e.g. Inference Crash/OOM or Preprocessing Skip),latest
flowr_root,flowr_root_tplpocket_casp16_l3000_stage1,L3223,MissingInPreds,Sample absent from final predictions.csv (e.g. Inference Crash/OOM or Preprocessing Skip),latest
flowr_root,flowr_root_tplpocket_casp16_l3000_stage1,L3224,MissingInPreds,Sample absent from final predictions.csv (e.g. Inference Crash/OOM or Preprocessing Skip),latest
flowr_root,flowr_root_tplpocket_casp16_l3000_stage1,L3225,MissingInPreds,Sample absent from final predictions.csv (e.g. Inference Crash/OOM or Preprocessing Skip),latest
flowr_root,flowr_root_tplpocket_casp16_l3000_stage1,L3226,MissingInPreds,Sample absent from final predictions.csv (e.g. Inference Crash/OOM or Preprocessing Skip),latest
flowr_root,flowr_root_tplpocket_casp16_l3000_stage1,L3227,MissingInPreds,Sample absent from final predictions.csv (e.g. Inference Crash/OOM or Preprocessing Skip),latest
flowr_root,flowr_root_tplpocket_casp16_l3000_stage1,L3228,MissingInPreds,Sample absent from final predictions.csv (e.g. Inference Crash/OOM or Preprocessing Skip),latest
flowr_root,flowr_root_tplpocket_casp16_l3000_stage1,L3229,MissingInPreds,Sample absent from final predictions.csv (e.g. Inference Crash/OOM or Preprocessing Skip),latest
flowr_root,flowr_root_tplpocket_casp16_l3000_stage1,L3230,MissingInPreds,Sample absent from final predictions.csv (e.g. Inference Crash/OOM or Preprocessing Skip),latest
flowr_root,flowr_root_tplpocket_casp16_l3000_stage1,L3231,MissingInPreds,Sample absent from final predictions.csv (e.g. Inference Crash/OOM or Preprocessing Skip),latest
haiping,casf2016_boltz2,1o0h,RDKitError,MolFromSmiles failed (sanity check etc),latest
haiping,casf2016_boltz2,1pxn,RDKitError,MolFromSmiles failed (sanity check etc),latest
haiping,casf2016_boltz2,1sqa,RDKitError,MolFromSmiles failed (sanity check etc),latest
haiping,casf2016_boltz2,1u1b,RDKitError,MolFromSmiles failed (sanity check etc),latest
haiping,casf2016_boltz2,1w4o,RDKitError,MolFromSmiles failed (sanity check etc),latest
haiping,casf2016_boltz2,2fvd,RDKitError,MolFromSmiles failed (sanity check etc),latest
haiping,casf2016_boltz2,2wtv,RDKitError,MolFromSmiles failed (sanity check etc),latest
haiping,casf2016_boltz2,2xnb,RDKitError,MolFromSmiles failed (sanity check etc),latest
haiping,casf2016_boltz2,3b27,RDKitError,MolFromSmiles failed (sanity check etc),latest
haiping,casf2016_boltz2,3dxg,RDKitError,MolFromSmiles failed (sanity check etc),latest
haiping,casf2016_boltz2,3e5a,RDKitError,MolFromSmiles failed (sanity check etc),latest
haiping,casf2016_boltz2,3g2z,RDKitError,MolFromSmiles failed (sanity check etc),latest
haiping,casf2016_boltz2,3gc5,RDKitError,MolFromSmiles failed (sanity check etc),latest
haiping,casf2016_boltz2,3ge7,RDKitError,MolFromSmiles failed (sanity check etc),latest
haiping,casf2016_boltz2,3qgy,RDKitError,MolFromSmiles failed (sanity check etc),latest
haiping,casf2016_boltz2,3rr4,RDKitError,MolFromSmiles failed (sanity check etc),latest
haiping,casf2016_boltz2,3uo4,RDKitError,MolFromSmiles failed (sanity check etc),latest
haiping,casf2016_boltz2,3up2,RDKitError,MolFromSmiles failed (sanity check etc),latest
haiping,casf2016_boltz2,4dli,RDKitError,MolFromSmiles failed (sanity check etc),latest
haiping,casf2016_boltz2,4eor,RDKitError,MolFromSmiles failed (sanity check etc),latest
haiping,casf2016_boltz2,4jia,RDKitError,MolFromSmiles failed (sanity check etc),latest
haiping,casf2016_boltz2,4ogj,RDKitError,MolFromSmiles failed (sanity check etc),latest
haiping,casf2016_boltz2,4qd6,RDKitError,MolFromSmiles failed (sanity check etc),latest
haiping,casf2016_boltz2,5c2h,RDKitError,MolFromSmiles failed (sanity check etc),latest
haiping,casf2016_exp,1lpg,RDKitError,MolFromSmiles failed (sanity check etc),latest
haiping,casf2016_exp,1o0h,RDKitError,MolFromSmiles failed (sanity check etc),latest
haiping,casf2016_exp,1pxn,RDKitError,MolFromSmiles failed (sanity check etc),latest
haiping,casf2016_exp,1sqa,RDKitError,MolFromSmiles failed (sanity check etc),latest
haiping,casf2016_exp,1u1b,RDKitError,MolFromSmiles failed (sanity check etc),latest
haiping,casf2016_exp,1w4o,RDKitError,MolFromSmiles failed (sanity check etc),latest
haiping,casf2016_exp,2fvd,RDKitError,MolFromSmiles failed (sanity check etc),latest
haiping,casf2016_exp,2wtv,RDKitError,MolFromSmiles failed (sanity check etc),latest
haiping,casf2016_exp,2xnb,RDKitError,MolFromSmiles failed (sanity check etc),latest
haiping,casf2016_exp,2y5h,RDKitError,MolFromSmiles failed (sanity check etc),latest
haiping,casf2016_exp,3b27,RDKitError,MolFromSmiles failed (sanity check etc),latest
haiping,casf2016_exp,3dxg,RDKitError,MolFromSmiles failed (sanity check etc),latest
haiping,casf2016_exp,3e5a,RDKitError,MolFromSmiles failed (sanity check etc),latest
haiping,casf2016_exp,3g2z,RDKitError,MolFromSmiles failed (sanity check etc),latest
haiping,casf2016_exp,3gc5,RDKitError,MolFromSmiles failed (sanity check etc),latest
haiping,casf2016_exp,3ge7,RDKitError,MolFromSmiles failed (sanity check etc),latest
haiping,casf2016_exp,3qgy,RDKitError,MolFromSmiles failed (sanity check etc),latest
haiping,casf2016_exp,3rr4,RDKitError,MolFromSmiles failed (sanity check etc),latest
haiping,casf2016_exp,3uo4,RDKitError,MolFromSmiles failed (sanity check etc),latest
haiping,casf2016_exp,3up2,RDKitError,MolFromSmiles failed (sanity check etc),latest
haiping,casf2016_exp,4dli,RDKitError,MolFromSmiles failed (sanity check etc),latest
haiping,casf2016_exp,4eor,RDKitError,MolFromSmiles failed (sanity check etc),latest
haiping,casf2016_exp,4jia,RDKitError,MolFromSmiles failed (sanity check etc),latest
haiping,casf2016_exp,4ogj,RDKitError,MolFromSmiles failed (sanity check etc),latest
haiping,casf2016_exp,4qd6,RDKitError,MolFromSmiles failed (sanity check etc),latest
haiping,casf2016_exp,5c2h,RDKitError,MolFromSmiles failed (sanity check etc),latest
haiping,haiping_tplpocket_casp16_l3000_stage1,L3202,MissingInPreds,Sample absent from final predictions.csv (e.g. Inference Crash/OOM or Preprocessing Skip),latest
haiping,haiping_tplpocket_casp16_l3000_stage1,L3203,MissingInPreds,Sample absent from final predictions.csv (e.g. Inference Crash/OOM or Preprocessing Skip),latest
haiping,haiping_tplpocket_casp16_l3000_stage1,L3204,MissingInPreds,Sample absent from final predictions.csv (e.g. Inference Crash/OOM or Preprocessing Skip),latest
haiping,haiping_tplpocket_casp16_l3000_stage1,L3205,MissingInPreds,Sample absent from final predictions.csv (e.g. Inference Crash/OOM or Preprocessing Skip),latest
haiping,haiping_tplpocket_casp16_l3000_stage1,L3206,MissingInPreds,Sample absent from final predictions.csv (e.g. Inference Crash/OOM or Preprocessing Skip),latest
haiping,haiping_tplpocket_casp16_l3000_stage1,L3207,MissingInPreds,Sample absent from final predictions.csv (e.g. Inference Crash/OOM or Preprocessing Skip),latest
haiping,haiping_tplpocket_casp16_l3000_stage1,L3208,MissingInPreds,Sample absent from final predictions.csv (e.g. Inference Crash/OOM or Preprocessing Skip),latest
haiping,haiping_tplpocket_casp16_l3000_stage1,L3209,MissingInPreds,Sample absent from final predictions.csv (e.g. Inference Crash/OOM or Preprocessing Skip),latest
haiping,haiping_tplpocket_casp16_l3000_stage1,L3210,MissingInPreds,Sample absent from final predictions.csv (e.g. Inference Crash/OOM or Preprocessing Skip),latest
haiping,haiping_tplpocket_casp16_l3000_stage1,L3211,MissingInPreds,Sample absent from final predictions.csv (e.g. Inference Crash/OOM or Preprocessing Skip),latest
haiping,haiping_tplpocket_casp16_l3000_stage1,L3212,MissingInPreds,Sample absent from final predictions.csv (e.g. Inference Crash/OOM or Preprocessing Skip),latest
haiping,haiping_tplpocket_casp16_l3000_stage1,L3213,MissingInPreds,Sample absent from final predictions.csv (e.g. Inference Crash/OOM or Preprocessing Skip),latest
haiping,haiping_tplpocket_casp16_l3000_stage1,L3214,MissingInPreds,Sample absent from final predictions.csv (e.g. Inference Crash/OOM or Preprocessing Skip),latest
haiping,haiping_tplpocket_casp16_l3000_stage1,L3215,MissingInPreds,Sample absent from final predictions.csv (e.g. Inference Crash/OOM or Preprocessing Skip),latest
haiping,haiping_tplpocket_casp16_l3000_stage1,L3216,MissingInPreds,Sample absent from final predictions.csv (e.g. Inference Crash/OOM or Preprocessing Skip),latest
haiping,haiping_tplpocket_casp16_l3000_stage1,L3217,MissingInPreds,Sample absent from final predictions.csv (e.g. Inference Crash/OOM or Preprocessing Skip),latest
haiping,haiping_tplpocket_casp16_l3000_stage1,L3218,MissingInPreds,Sample absent from final predictions.csv (e.g. Inference Crash/OOM or Preprocessing Skip),latest
haiping,haiping_tplpocket_casp16_l3000_stage1,L3219,MissingInPreds,Sample absent from final predictions.csv (e.g. Inference Crash/OOM or Preprocessing Skip),latest
haiping,haiping_tplpocket_casp16_l3000_stage1,L3220,MissingInPreds,Sample absent from final predictions.csv (e.g. Inference Crash/OOM or Preprocessing Skip),latest
haiping,haiping_tplpocket_casp16_l3000_stage1,L3221,MissingInPreds,Sample absent from final predictions.csv (e.g. Inference Crash/OOM or Preprocessing Skip),latest
haiping,haiping_tplpocket_casp16_l3000_stage1,L3222,MissingInPreds,Sample absent from final predictions.csv (e.g. Inference Crash/OOM or Preprocessing Skip),latest
haiping,haiping_tplpocket_casp16_l3000_stage1,L3223,MissingInPreds,Sample absent from final predictions.csv (e.g. Inference Crash/OOM or Preprocessing Skip),latest
haiping,haiping_tplpocket_casp16_l3000_stage1,L3224,MissingInPreds,Sample absent from final predictions.csv (e.g. Inference Crash/OOM or Preprocessing Skip),latest
haiping,haiping_tplpocket_casp16_l3000_stage1,L3225,MissingInPreds,Sample absent from final predictions.csv (e.g. Inference Crash/OOM or Preprocessing Skip),latest
haiping,haiping_tplpocket_casp16_l3000_stage1,L3226,MissingInPreds,Sample absent from final predictions.csv (e.g. Inference Crash/OOM or Preprocessing Skip),latest
haiping,haiping_tplpocket_casp16_l3000_stage1,L3227,MissingInPreds,Sample absent from final predictions.csv (e.g. Inference Crash/OOM or Preprocessing Skip),latest
haiping,haiping_tplpocket_casp16_l3000_stage1,L3228,MissingInPreds,Sample absent from final predictions.csv (e.g. Inference Crash/OOM or Preprocessing Skip),latest
haiping,haiping_tplpocket_casp16_l3000_stage1,L3229,MissingInPreds,Sample absent from final predictions.csv (e.g. Inference Crash/OOM or Preprocessing Skip),latest
haiping,haiping_tplpocket_casp16_l3000_stage1,L3230,MissingInPreds,Sample absent from final predictions.csv (e.g. Inference Crash/OOM or Preprocessing Skip),latest
haiping,haiping_tplpocket_casp16_l3000_stage1,L3231,MissingInPreds,Sample absent from final predictions.csv (e.g. Inference Crash/OOM or Preprocessing Skip),latest
mfe,mfe_tplpocket_casp16_l3000_stage1,L3202,MissingInPreds,Sample absent from final predictions.csv (e.g. Inference Crash/OOM or Preprocessing Skip),latest
mfe,mfe_tplpocket_casp16_l3000_stage1,L3203,MissingInPreds,Sample absent from final predictions.csv (e.g. Inference Crash/OOM or Preprocessing Skip),latest
mfe,mfe_tplpocket_casp16_l3000_stage1,L3204,MissingInPreds,Sample absent from final predictions.csv (e.g. Inference Crash/OOM or Preprocessing Skip),latest
mfe,mfe_tplpocket_casp16_l3000_stage1,L3205,MissingInPreds,Sample absent from final predictions.csv (e.g. Inference Crash/OOM or Preprocessing Skip),latest
mfe,mfe_tplpocket_casp16_l3000_stage1,L3206,MissingInPreds,Sample absent from final predictions.csv (e.g. Inference Crash/OOM or Preprocessing Skip),latest
mfe,mfe_tplpocket_casp16_l3000_stage1,L3207,MissingInPreds,Sample absent from final predictions.csv (e.g. Inference Crash/OOM or Preprocessing Skip),latest
mfe,mfe_tplpocket_casp16_l3000_stage1,L3208,MissingInPreds,Sample absent from final predictions.csv (e.g. Inference Crash/OOM or Preprocessing Skip),latest
mfe,mfe_tplpocket_casp16_l3000_stage1,L3209,MissingInPreds,Sample absent from final predictions.csv (e.g. Inference Crash/OOM or Preprocessing Skip),latest
mfe,mfe_tplpocket_casp16_l3000_stage1,L3210,MissingInPreds,Sample absent from final predictions.csv (e.g. Inference Crash/OOM or Preprocessing Skip),latest
mfe,mfe_tplpocket_casp16_l3000_stage1,L3211,MissingInPreds,Sample absent from final predictions.csv (e.g. Inference Crash/OOM or Preprocessing Skip),latest
mfe,mfe_tplpocket_casp16_l3000_stage1,L3212,MissingInPreds,Sample absent from final predictions.csv (e.g. Inference Crash/OOM or Preprocessing Skip),latest
mfe,mfe_tplpocket_casp16_l3000_stage1,L3213,MissingInPreds,Sample absent from final predictions.csv (e.g. Inference Crash/OOM or Preprocessing Skip),latest
mfe,mfe_tplpocket_casp16_l3000_stage1,L3214,MissingInPreds,Sample absent from final predictions.csv (e.g. Inference Crash/OOM or Preprocessing Skip),latest
mfe,mfe_tplpocket_casp16_l3000_stage1,L3215,MissingInPreds,Sample absent from final predictions.csv (e.g. Inference Crash/OOM or Preprocessing Skip),latest
mfe,mfe_tplpocket_casp16_l3000_stage1,L3216,MissingInPreds,Sample absent from final predictions.csv (e.g. Inference Crash/OOM or Preprocessing Skip),latest
mfe,mfe_tplpocket_casp16_l3000_stage1,L3217,MissingInPreds,Sample absent from final predictions.csv (e.g. Inference Crash/OOM or Preprocessing Skip),latest
mfe,mfe_tplpocket_casp16_l3000_stage1,L3218,MissingInPreds,Sample absent from final predictions.csv (e.g. Inference Crash/OOM or Preprocessing Skip),latest
mfe,mfe_tplpocket_casp16_l3000_stage1,L3219,MissingInPreds,Sample absent from final predictions.csv (e.g. Inference Crash/OOM or Preprocessing Skip),latest
mfe,mfe_tplpocket_casp16_l3000_stage1,L3220,MissingInPreds,Sample absent from final predictions.csv (e.g. Inference Crash/OOM or Preprocessing Skip),latest
mfe,mfe_tplpocket_casp16_l3000_stage1,L3221,MissingInPreds,Sample absent from final predictions.csv (e.g. Inference Crash/OOM or Preprocessing Skip),latest
mfe,mfe_tplpocket_casp16_l3000_stage1,L3222,MissingInPreds,Sample absent from final predictions.csv (e.g. Inference Crash/OOM or Preprocessing Skip),latest
mfe,mfe_tplpocket_casp16_l3000_stage1,L3223,MissingInPreds,Sample absent from final predictions.csv (e.g. Inference Crash/OOM or Preprocessing Skip),latest
mfe,mfe_tplpocket_casp16_l3000_stage1,L3224,MissingInPreds,Sample absent from final predictions.csv (e.g. Inference Crash/OOM or Preprocessing Skip),latest
mfe,mfe_tplpocket_casp16_l3000_stage1,L3225,MissingInPreds,Sample absent from final predictions.csv (e.g. Inference Crash/OOM or Preprocessing Skip),latest
mfe,mfe_tplpocket_casp16_l3000_stage1,L3226,MissingInPreds,Sample absent from final predictions.csv (e.g. Inference Crash/OOM or Preprocessing Skip),latest
mfe,mfe_tplpocket_casp16_l3000_stage1,L3227,MissingInPreds,Sample absent from final predictions.csv (e.g. Inference Crash/OOM or Preprocessing Skip),latest
mfe,mfe_tplpocket_casp16_l3000_stage1,L3228,MissingInPreds,Sample absent from final predictions.csv (e.g. Inference Crash/OOM or Preprocessing Skip),latest
mfe,mfe_tplpocket_casp16_l3000_stage1,L3229,MissingInPreds,Sample absent from final predictions.csv (e.g. Inference Crash/OOM or Preprocessing Skip),latest
mfe,mfe_tplpocket_casp16_l3000_stage1,L3230,MissingInPreds,Sample absent from final predictions.csv (e.g. Inference Crash/OOM or Preprocessing Skip),latest
mfe,mfe_tplpocket_casp16_l3000_stage1,L3231,MissingInPreds,Sample absent from final predictions.csv (e.g. Inference Crash/OOM or Preprocessing Skip),latest
