Model,L1000_MSE,L1000_RMSE,L1000_Pearson,L1000_Spearman,L1000_Rm2,L1000_CI,L3000_MSE,L3000_RMSE,L3000_Pearson,L3000_Spearman,L3000_Rm2,L3000_CI
flowr_root,1.483,1.218,0.222,0.162,0.03,0.544,0.731,0.855,0.661,0.669,0.432,0.744
haiping,1.389,1.179,0.406,0.404,-0.02,0.625,1.047,1.023,0.576,0.632,0.312,0.723
bapred,1.215,1.102,0.054,0.022,0.0,0.5,0.838,0.916,0.615,0.628,0.339,0.725
flowdock,2.692,1.641,0.142,0.14,-0.006,0.559,1.285,1.134,0.462,0.49,0.178,0.674
boltz2,0.444,0.666,0.544,0.382,0.068,0.618,0.994,0.997,0.672,0.673,0.358,0.746
mfe,1.63,1.277,0.332,0.485,0.037,0.632,1.269,1.126,0.613,0.574,0.345,0.705
deepdta,1.071,1.035,-0.195,0.201,-0.008,0.566,1.531,1.238,0.485,0.475,0.2,0.668
llf,2.735,1.654,-0.287,-0.118,-0.074,0.471,0.828,0.91,0.6,0.616,0.356,0.717
mixingdta,3.015,1.737,-0.085,0.113,-0.004,0.537,0.868,0.931,0.597,0.587,0.331,0.708
