Strategy,Model,Davis_MSE,Davis_RMSE,Davis_Pearson,Davis_Spearman,Davis_Rm2,Davis_CI,KIBA_MSE,KIBA_RMSE,KIBA_Pearson,KIBA_Spearman,KIBA_Rm2,KIBA_CI
Warm split,deepdta,0.232,0.482,0.816,0.658,0.625,0.875,0.23,0.479,0.818,0.798,0.657,0.831
Warm split,llf,0.224,0.473,0.821,0.669,0.656,0.881,0.155,0.394,0.882,0.873,0.768,0.883
Warm split,mixingdta,0.213,0.462,0.83,0.681,0.678,0.89,0.163,0.404,0.876,0.871,0.757,0.878
Cold-target,deepdta,0.381,0.617,0.625,0.521,0.359,0.8,0.511,0.714,0.558,0.522,0.297,0.698
Cold-target,llf,0.453,0.673,0.514,0.45,0.24,0.756,0.343,0.585,0.726,0.735,0.523,0.795
Cold-target,mixingdta,0.292,0.541,0.727,0.586,0.485,0.841,0.358,0.598,0.712,0.656,0.502,0.761
Cold-drug,deepdta,0.659,0.811,0.33,0.344,0.086,0.68,0.439,0.662,0.565,0.556,0.285,0.712
Cold-drug,llf,0.711,0.843,0.278,0.313,0.053,0.663,0.457,0.676,0.548,0.566,0.247,0.715
Cold-drug,mixingdta,0.54,0.735,0.515,0.447,0.211,0.738,0.34,0.583,0.68,0.65,0.432,0.756
